node	bin
NODE_95_length_162039_cov_220.429826	116
NODE_71_length_189013_cov_214.410393	116
NODE_462_length_44477_cov_239.389086	116
NODE_96_length_157907_cov_241.104383	116
NODE_79_length_178263_cov_220.160902	116
NODE_108_length_150696_cov_241.169383	116
NODE_117_length_142636_cov_208.907323	116
NODE_202_length_93543_cov_231.105939	116
NODE_80_length_177755_cov_232.610861	116
NODE_576_length_31964_cov_209.083017	116
NODE_132_length_130109_cov_235.870477	116
NODE_81_length_177624_cov_209.015797	116
NODE_18_length_366504_cov_226.752705	116
NODE_488_length_40751_cov_218.341803	116
NODE_525_length_37035_cov_237.593862	116
NODE_61_length_201696_cov_231.939730	116
NODE_8_length_529993_cov_197.829201	116
NODE_812_length_12309_cov_229.311490	116
NODE_687_length_21132_cov_229.228733	116
NODE_251_length_80720_cov_201.824484	116
NODE_175_length_104470_cov_230.137691	116
NODE_315_length_66349_cov_245.899674	116
NODE_221_length_89658_cov_232.946308	116
NODE_179_length_103634_cov_239.556310	116
NODE_260_length_77351_cov_247.107470	116
NODE_622_length_27660_cov_239.292519	116
NODE_720_length_18646_cov_235.529396	116
NODE_553_length_34773_cov_232.847658	116
NODE_452_length_44864_cov_234.341271	116
NODE_569_length_32536_cov_231.569902	116
NODE_337_length_62372_cov_235.555258	116
NODE_713_length_19430_cov_232.892439	116
NODE_65_length_196293_cov_236.777255	116
NODE_87_length_175084_cov_216.462449	116
NODE_763_length_16046_cov_224.328310	116
NODE_265_length_76367_cov_227.731969	116
NODE_165_length_110342_cov_234.630473	116
NODE_395_length_51642_cov_231.190571	116
NODE_89_length_172755_cov_221.151563	116
NODE_1089_length_3088_cov_426.279261	11
NODE_930_length_6343_cov_809.978212	11
NODE_715_length_18976_cov_728.867713	11
NODE_700_length_20389_cov_760.548441	11
NODE_389_length_52800_cov_660.843341	11
NODE_657_length_23375_cov_790.613508	11
NODE_605_length_29164_cov_655.724381	11
NODE_619_length_28013_cov_686.732134	11
NODE_891_length_8523_cov_389.758621	11
NODE_886_length_8759_cov_420.588695	11
NODE_681_length_21565_cov_897.472338	11
NODE_786_length_13996_cov_482.885015	11
NODE_614_length_28360_cov_438.172690	11
NODE_693_length_20813_cov_419.640235	11
NODE_731_length_18008_cov_865.774188	11
NODE_229_length_87739_cov_972.699284	11
NODE_146_length_121990_cov_1070.837249	11
NODE_1104_length_2853_cov_574.392423	11
NODE_498_length_39814_cov_805.376871	11
NODE_778_length_14621_cov_640.475697	11
NODE_572_length_32342_cov_896.936321	11
NODE_612_length_28498_cov_467.818163	11
NODE_189_length_99156_cov_387.547421	11
NODE_1028_length_4056_cov_745.110722	11
NODE_608_length_28974_cov_593.408175	11
NODE_898_length_7932_cov_779.699378	11
NODE_250_length_81332_cov_454.869176	11
NODE_312_length_67177_cov_420.704866	11
NODE_884_length_8827_cov_410.116279	11
NODE_521_length_37379_cov_721.656387	11
NODE_830_length_11299_cov_564.169157	11
NODE_780_length_14453_cov_725.254133	11
NODE_1063_length_3502_cov_862.638816	11
NODE_532_length_36276_cov_898.824135	11
NODE_490_length_40650_cov_464.905998	11
NODE_804_length_13007_cov_641.198425	11
NODE_761_length_16113_cov_471.782289	11
NODE_463_length_44423_cov_420.529548	11
NODE_402_length_51300_cov_530.870212	11
NODE_561_length_33759_cov_681.972199	11
NODE_258_length_77771_cov_719.724201	11
NODE_493_length_40276_cov_488.963974	11
NODE_1095_length_3028_cov_574.058863	11
NODE_285_length_72699_cov_521.258342	11
NODE_649_length_24239_cov_411.138108	11
NODE_822_length_11839_cov_736.165054	11
NODE_831_length_11234_cov_848.534932	11
NODE_522_length_37198_cov_492.481625	11
NODE_890_length_8534_cov_458.808586	11
NODE_439_length_46123_cov_554.877616	11
NODE_160_length_114745_cov_538.633813	11
NODE_435_length_46760_cov_603.948057	11
NODE_771_length_15069_cov_123.679632	127
NODE_176_length_104033_cov_115.424340	127
NODE_113_length_145811_cov_122.194592	127
NODE_237_length_85986_cov_111.144825	127
NODE_567_length_32708_cov_126.397513	127
NODE_22_length_328122_cov_114.437283	127
NODE_290_length_71717_cov_122.621557	127
NODE_232_length_87054_cov_114.818262	127
NODE_280_length_73059_cov_118.127788	127
NODE_1088_length_3103_cov_232.796588	127
NODE_482_length_41660_cov_119.528374	127
NODE_650_length_24108_cov_124.080780	127
NODE_752_length_16867_cov_113.341006	127
NODE_730_length_18012_cov_115.382191	127
NODE_183_length_101963_cov_110.711377	127
NODE_313_length_67049_cov_114.142117	127
NODE_677_length_21778_cov_133.802559	127
NODE_76_length_181362_cov_123.028173	127
NODE_322_length_65220_cov_128.679705	127
NODE_190_length_98774_cov_112.206992	127
NODE_225_length_89326_cov_117.897694	127
NODE_297_length_70112_cov_119.594630	127
NODE_838_length_10814_cov_247.707129	127
NODE_354_length_60396_cov_123.400176	127
NODE_52_length_231667_cov_114.633775	127
NODE_60_length_202001_cov_115.356501	127
NODE_560_length_33833_cov_121.739623	127
NODE_328_length_64432_cov_112.375538	127
NODE_871_length_9443_cov_132.720494	127
NODE_460_length_44532_cov_114.846595	127
NODE_204_length_93327_cov_114.498992	127
NODE_443_length_45710_cov_133.664265	127
NODE_44_length_249094_cov_118.964054	127
NODE_358_length_59986_cov_110.280422	127
NODE_384_length_53841_cov_128.786264	127
NODE_201_length_93810_cov_118.288006	127
NODE_193_length_97282_cov_112.051992	127
NODE_346_length_61415_cov_150.574609	127
NODE_836_length_10873_cov_150.970235	127
NODE_326_length_64637_cov_126.333266	127
NODE_966_length_5230_cov_116.249082	127
NODE_901_length_7903_cov_112.250637	127
NODE_293_length_70880_cov_138.709382	127
NODE_121_length_138628_cov_114.194143	127
NODE_14_length_430145_cov_121.476231	127
NODE_811_length_12337_cov_120.211285	127
NODE_74_length_183430_cov_113.050121	127
NODE_127_length_133732_cov_202.947209	127
NODE_805_length_12835_cov_115.574178	127
NODE_368_length_58935_cov_116.794175	127
NODE_67_length_193954_cov_117.080496	127
NODE_277_length_73571_cov_116.867389	127
NODE_688_length_21102_cov_30.018435	183
NODE_286_length_72402_cov_15.311043	183
NODE_638_length_25088_cov_45.624096	183
NODE_264_length_76430_cov_15.496432	183
NODE_339_length_62174_cov_15.405383	183
NODE_613_length_28474_cov_19.998733	183
NODE_141_length_125065_cov_15.231933	183
NODE_858_length_9925_cov_32.438298	183
NODE_378_length_54993_cov_16.153063	183
NODE_249_length_81498_cov_15.569245	183
NODE_77_length_180129_cov_15.750547	183
NODE_606_length_29136_cov_14.855713	183
NODE_430_length_48097_cov_33.596374	183
NODE_90_length_170592_cov_18.167670	183
NODE_63_length_199222_cov_29.313681	183
NODE_177_length_103924_cov_15.289095	183
NODE_374_length_56168_cov_15.223210	183
NODE_72_length_188295_cov_29.458510	183
NODE_172_length_107672_cov_15.138417	183
NODE_268_length_75926_cov_29.390848	183
NODE_20_length_342183_cov_15.760657	183
NODE_274_length_74140_cov_29.477951	183
NODE_363_length_59551_cov_35.402061	183
NODE_318_length_66080_cov_15.145278	183
NODE_180_length_103397_cov_28.653568	183
NODE_133_length_130075_cov_31.481934	183
NODE_148_length_120819_cov_15.958589	183
NODE_288_length_71993_cov_15.416748	183
NODE_637_length_25089_cov_15.997923	183
NODE_273_length_74289_cov_32.025204	183
NODE_647_length_24275_cov_14.276424	183
NODE_192_length_97581_cov_28.250754	183
NODE_150_length_120041_cov_15.759222	183
NODE_212_length_91060_cov_16.158057	183
NODE_533_length_36267_cov_15.338727	183
NODE_663_length_23175_cov_16.080320	183
NODE_817_length_12093_cov_19.476657	183
NODE_530_length_36418_cov_28.438440	183
NODE_246_length_82507_cov_14.901797	183
NODE_411_length_50072_cov_16.040206	183
NODE_387_length_53373_cov_16.720057	183
NODE_467_length_44139_cov_16.211301	183
NODE_454_length_44731_cov_16.079416	183
NODE_640_length_25023_cov_14.831624	183
NODE_331_length_63369_cov_15.686310	183
NODE_455_length_44702_cov_15.067216	183
NODE_727_length_18334_cov_14.750643	183
NODE_851_length_10330_cov_15.012360	183
NODE_793_length_13661_cov_30.952374	183
NODE_879_length_9050_cov_14.709839	183
NODE_835_length_10926_cov_15.324165	183
NODE_333_length_63093_cov_16.034122	183
NODE_291_length_71567_cov_15.587748	183
NODE_1182_length_2042_cov_46.925013	183
NODE_357_length_60039_cov_43.111363	183
NODE_92_length_168647_cov_29.281811	183
NODE_35_length_273804_cov_15.385978	183
NODE_666_length_22781_cov_16.622635	183
NODE_186_length_99913_cov_15.794568	183
NODE_506_length_39005_cov_15.922850	183
NODE_105_length_153057_cov_15.824767	183
NODE_1117_length_2717_cov_16.264838	183
NODE_320_length_65512_cov_29.108483	183
NODE_38_length_264084_cov_31.048711	183
NODE_789_length_13865_cov_29.338885	183
NODE_94_length_165184_cov_15.924520	183
NODE_218_length_89971_cov_15.415132	183
NODE_626_length_27043_cov_15.919816	183
NODE_426_length_48383_cov_29.466624	183
NODE_332_length_63281_cov_28.124664	183
NODE_412_length_50066_cov_30.294415	183
NODE_539_length_35841_cov_15.357654	183
NODE_57_length_204194_cov_15.620660	183
NODE_595_length_30104_cov_15.824520	183
NODE_56_length_210360_cov_30.735784	183
NODE_223_length_89597_cov_15.179167	183
NODE_200_length_94596_cov_28.708412	183
NODE_143_length_124274_cov_15.476223	183
NODE_683_length_21420_cov_14.569623	183
NODE_272_length_74292_cov_15.291957	183
NODE_538_length_35870_cov_16.887784	183
NODE_347_length_61279_cov_14.923772	183
NODE_784_length_14173_cov_15.643505	183
NODE_253_length_80288_cov_29.641170	183
NODE_70_length_189341_cov_15.518195	183
NODE_156_length_118406_cov_15.669610	183
NODE_230_length_87725_cov_29.346048	183
NODE_972_length_5044_cov_15.033875	183
NODE_321_length_65254_cov_15.976426	183
NODE_697_length_20597_cov_28.366566	183
NODE_360_length_59861_cov_15.175735	183
NODE_795_length_13432_cov_28.980863	183
NODE_111_length_147411_cov_30.931078	183
NODE_601_length_29502_cov_16.101980	183
NODE_381_length_54151_cov_16.067990	183
NODE_624_length_27331_cov_33.823764	183
NODE_240_length_85108_cov_33.695848	183
NODE_509_length_38602_cov_31.855268	183
NODE_721_length_18628_cov_14.577559	183
NODE_131_length_131723_cov_31.742884	183
NODE_385_length_53460_cov_29.382380	183
NODE_103_length_154145_cov_28.968797	183
NODE_236_length_86024_cov_32.923205	183
NODE_211_length_91501_cov_30.545349	183
NODE_282_length_72991_cov_14.967149	183
NODE_728_length_18324_cov_30.421479	183
NODE_215_length_90521_cov_15.890401	183
NODE_535_length_36038_cov_32.142984	183
NODE_118_length_141198_cov_28.738825	183
NODE_25_length_312775_cov_15.761451	183
NODE_846_length_10611_cov_15.271978	183
NODE_306_length_67959_cov_15.117136	183
NODE_496_length_39875_cov_14.775967	183
NODE_152_length_119651_cov_21.560454	183
NODE_155_length_118751_cov_15.786589	183
NODE_847_length_10586_cov_27.129522	183
NODE_130_length_131727_cov_15.725826	183
NODE_748_length_17284_cov_15.830983	183
NODE_66_length_195945_cov_29.133560	183
NODE_571_length_32360_cov_29.580870	183
NODE_517_length_38092_cov_21.346978	183
NODE_495_length_39940_cov_28.616974	183
NODE_725_length_18402_cov_20.930615	183
NODE_226_length_89280_cov_16.389823	183
NODE_16_length_392722_cov_15.605870	183
NODE_104_length_154144_cov_15.944156	183
NODE_181_length_102637_cov_30.263458	183
NODE_620_length_27896_cov_28.744837	183
NODE_839_length_10813_cov_28.181725	183
NODE_182_length_102378_cov_32.146067	183
NODE_594_length_30127_cov_15.314379	183
NODE_536_length_35996_cov_15.668095	183
NODE_45_length_247501_cov_29.119513	183
NODE_699_length_20540_cov_15.244764	183
NODE_820_length_11991_cov_14.877932	183
NODE_997_length_4677_cov_30.474254	183
NODE_629_length_26744_cov_16.437221	183
NODE_257_length_78118_cov_33.548723	183
NODE_255_length_79293_cov_15.308665	183
NODE_438_length_46342_cov_14.963078	183
NODE_116_length_143375_cov_15.244711	183
NODE_508_length_38605_cov_30.653645	183
NODE_806_length_12811_cov_34.339840	183
NODE_801_length_13189_cov_14.790772	183
NODE_803_length_13046_cov_14.442383	183
NODE_456_length_44668_cov_28.287965	183
NODE_615_length_28308_cov_15.317736	183
NODE_349_length_60890_cov_29.559990	183
NODE_84_length_176864_cov_15.100425	183
NODE_336_length_62460_cov_16.031151	183
NODE_139_length_125994_cov_15.916158	183
NODE_545_length_35359_cov_31.943661	183
NODE_797_length_13371_cov_15.176705	183
NODE_712_length_19434_cov_29.485784	183
NODE_235_length_86289_cov_15.395726	183
NODE_616_length_28157_cov_31.933457	183
NODE_541_length_35737_cov_29.996721	183
NODE_723_length_18431_cov_16.063507	183
NODE_483_length_41439_cov_29.387807	183
NODE_841_length_10790_cov_15.661574	183
NODE_256_length_78628_cov_15.187253	183
NODE_144_length_122608_cov_23.380317	183
NODE_47_length_240399_cov_15.509382	183
NODE_164_length_110644_cov_15.537947	183
NODE_850_length_10377_cov_27.222341	183
NODE_129_length_132049_cov_31.465461	183
NODE_299_length_69513_cov_28.753419	183
NODE_351_length_60797_cov_31.670557	183
NODE_244_length_83949_cov_15.123799	183
NODE_770_length_15096_cov_14.830796	183
NODE_714_length_19236_cov_30.630468	183
NODE_128_length_132279_cov_15.574941	183
NODE_845_length_10627_cov_28.577847	183
NODE_125_length_135830_cov_15.716826	183
NODE_136_length_128494_cov_15.563326	183
NODE_245_length_82956_cov_16.010410	183
NODE_134_length_129218_cov_29.026656	183
NODE_442_length_45928_cov_14.973688	183
NODE_302_length_68517_cov_15.068943	183
NODE_718_length_18699_cov_15.173890	183
NODE_259_length_77638_cov_15.442919	183
NODE_651_length_24090_cov_18.614895	183
NODE_628_length_26777_cov_14.786431	183
NODE_359_length_59886_cov_30.921295	183
NODE_470_length_43539_cov_15.471024	183
NODE_719_length_18697_cov_17.374960	183
NODE_434_length_47404_cov_15.506621	183
NODE_83_length_176967_cov_28.678292	183
NODE_440_length_46058_cov_15.346825	183
NODE_100_length_156092_cov_16.220134	183
NODE_283_length_72946_cov_18.731435	183
NODE_485_length_41089_cov_35.426500	183
NODE_1036_length_3861_cov_29.778770	183
NODE_653_length_23549_cov_16.186941	183
NODE_577_length_31885_cov_17.192900	183
NODE_654_length_23469_cov_36.863543	183
NODE_524_length_37102_cov_18.828731	183
NODE_414_length_49854_cov_16.378843	183
NODE_295_length_70315_cov_16.660390	183
NODE_367_length_59080_cov_18.679492	183
NODE_309_length_67436_cov_15.481694	183
NODE_694_length_20810_cov_15.264177	183
NODE_233_length_86729_cov_29.075167	183
NODE_242_length_84561_cov_15.491137	183
NODE_513_length_38311_cov_21.036256	183
NODE_135_length_129068_cov_15.805647	183
NODE_874_length_9276_cov_15.170589	183
NODE_433_length_47623_cov_15.496174	183
NODE_420_length_49329_cov_15.485104	183
NODE_431_length_48061_cov_15.216827	183
NODE_633_length_25756_cov_15.032839	183
NODE_471_length_43514_cov_15.897559	183
NODE_167_length_110009_cov_15.993470	183
NODE_208_length_91888_cov_15.710660	183
NODE_448_length_45442_cov_16.209686	183
NODE_31_length_282212_cov_29.382925	183
NODE_424_length_48662_cov_14.975600	183
NODE_512_length_38329_cov_15.764618	183
NODE_231_length_87601_cov_43.770521	183
NODE_78_length_180064_cov_15.528740	183
NODE_557_length_34132_cov_14.935176	183
NODE_289_length_71906_cov_15.282209	183
NODE_214_length_90588_cov_15.672606	183
NODE_702_length_20096_cov_19.313507	183
NODE_275_length_73902_cov_15.745799	183
NODE_234_length_86433_cov_15.575725	183
NODE_353_length_60408_cov_15.051795	183
NODE_450_length_45030_cov_34.056098	183
NODE_364_length_59373_cov_15.250093	183
NODE_266_length_76222_cov_15.058674	183
NODE_751_length_17067_cov_29.267811	183
NODE_43_length_249464_cov_31.570096	183
NODE_120_length_139564_cov_28.779792	183
NODE_345_length_61472_cov_15.612339	183
NODE_278_length_73535_cov_15.869584	183
NODE_451_length_45002_cov_14.961288	183
NODE_386_length_53458_cov_15.138063	183
NODE_219_length_89714_cov_15.592679	183
NODE_198_length_95185_cov_15.220183	183
NODE_734_length_17937_cov_15.537524	183
NODE_740_length_17589_cov_15.284818	183
NODE_466_length_44374_cov_15.666983	183
NODE_403_length_51075_cov_28.795864	183
NODE_465_length_44383_cov_15.825776	183
NODE_287_length_72212_cov_30.861510	183
NODE_371_length_58072_cov_28.594481	183
NODE_769_length_15133_cov_14.656984	183
NODE_122_length_138089_cov_15.520546	183
NODE_279_length_73443_cov_15.578201	183
NODE_446_length_45681_cov_15.539692	183
NODE_85_length_176631_cov_15.811175	183
NODE_59_length_203813_cov_15.775322	183
NODE_166_length_110262_cov_15.852097	183
NODE_788_length_13906_cov_30.292398	183
NODE_511_length_38354_cov_29.948798	183
NODE_91_length_169704_cov_15.436820	183
NODE_276_length_73573_cov_14.865693	183
NODE_526_length_37023_cov_28.883900	183
NODE_307_length_67772_cov_15.337286	183
NODE_732_length_17976_cov_16.538307	183
NODE_27_length_304762_cov_15.900560	183
NODE_875_length_9205_cov_28.863279	183
NODE_955_length_5505_cov_15.335229	183
NODE_546_length_35326_cov_30.445890	183
NODE_194_length_96366_cov_15.627374	183
NODE_408_length_50675_cov_31.291031	183
NODE_768_length_15269_cov_14.424280	183
NODE_32_length_281386_cov_15.533148	183
NODE_586_length_30609_cov_28.755744	183
NODE_500_length_39760_cov_15.918247	183
NODE_436_length_46528_cov_17.469735	183
NODE_365_length_59199_cov_28.730319	183
NODE_894_length_8258_cov_17.345605	183
NODE_197_length_95230_cov_27.225395	183
NODE_1085_length_3154_cov_16.678929	183
NODE_341_length_61702_cov_15.976009	183
NODE_559_length_33882_cov_17.707009	183
NODE_209_length_91609_cov_15.413133	183
NODE_703_length_20012_cov_14.953300	183
NODE_563_length_33046_cov_15.361978	183
NODE_741_length_17576_cov_15.483135	183
NODE_783_length_14264_cov_15.744247	183
NODE_217_length_90344_cov_15.592808	183
NODE_191_length_98472_cov_16.993964	183
NODE_1078_length_3264_cov_37.977251	183
NODE_75_length_182746_cov_15.592947	183
NODE_157_length_118196_cov_31.688499	183
NODE_142_length_124578_cov_30.422211	183
NODE_487_length_40927_cov_15.707624	183
NODE_213_length_91023_cov_15.522458	183
NODE_153_length_119285_cov_21.845307	183
NODE_602_length_29322_cov_14.940889	183
NODE_1073_length_3314_cov_35.050322	183
NODE_390_length_52681_cov_31.239767	183
NODE_17_length_377882_cov_15.451662	183
NODE_68_length_193314_cov_25.085155	183
NODE_668_length_22601_cov_17.975517	183
NODE_11_length_470206_cov_31.195709	183
NODE_205_length_93300_cov_14.960298	183
NODE_58_length_204144_cov_28.969489	183
NODE_397_length_51584_cov_33.109026	183
NODE_461_length_44529_cov_16.329024	183
NODE_447_length_45560_cov_25.313922	183
NODE_19_length_346273_cov_15.551185	183
NODE_907_length_7531_cov_45.602060	183
NODE_468_length_44062_cov_14.865476	183
NODE_82_length_177411_cov_15.541893	183
NODE_102_length_154454_cov_29.153071	183
NODE_356_length_60075_cov_15.779523	183
NODE_372_length_57884_cov_15.545626	183
NODE_93_length_165876_cov_15.554875	183
NODE_1058_length_3584_cov_17.475772	183
NODE_870_length_9516_cov_16.768312	183
NODE_600_length_29529_cov_15.217649	183
NODE_662_length_23237_cov_16.084678	183
NODE_370_length_58175_cov_19.483328	183
NODE_115_length_143967_cov_15.194654	183
NODE_178_length_103637_cov_16.635902	183
NODE_952_length_5568_cov_113.805551	183
NODE_304_length_68085_cov_15.867867	183
NODE_239_length_85337_cov_15.968458	183
NODE_294_length_70776_cov_16.201355	183
NODE_269_length_75049_cov_29.188308	183
NODE_101_length_154455_cov_15.497500	183
NODE_698_length_20548_cov_16.785390	183
NODE_147_length_121680_cov_15.819026	183
NODE_69_length_191324_cov_30.706314	183
NODE_459_length_44615_cov_15.283169	183
NODE_355_length_60355_cov_15.882007	183
NODE_929_length_6353_cov_16.780565	183
NODE_504_length_39428_cov_16.092856	183
NODE_50_length_233217_cov_29.522602	183
NODE_582_length_31086_cov_29.138990	183
NODE_745_length_17420_cov_28.640426	183
NODE_163_length_111217_cov_30.752334	183
NODE_220_length_89676_cov_15.806641	183
NODE_149_length_120265_cov_15.141502	183
NODE_305_length_67972_cov_14.788212	183
NODE_672_length_22089_cov_16.041028	183
NODE_992_length_4758_cov_43.285350	183
NODE_550_length_34853_cov_464.683200	22
NODE_865_length_9754_cov_68.032890	22
NODE_999_length_4636_cov_945.713381	22
NODE_30_length_294225_cov_407.740932	22
NODE_53_length_227858_cov_395.956664	22
NODE_961_length_5316_cov_473.002091	22
NODE_252_length_80463_cov_465.001070	22
NODE_34_length_280050_cov_446.961403	22
NODE_759_length_16163_cov_432.485783	22
NODE_119_length_141154_cov_455.742854	22
NODE_501_length_39647_cov_423.640256	22
NODE_427_length_48366_cov_427.336963	22
NODE_138_length_126129_cov_414.943232	22
NODE_203_length_93508_cov_458.221095	22
NODE_505_length_39019_cov_469.759547	22
NODE_617_length_28088_cov_422.988977	22
NODE_396_length_51628_cov_447.458108	22
NODE_185_length_100010_cov_409.500215	22
NODE_480_length_41762_cov_402.437337	22
NODE_170_length_108053_cov_452.249847	22
NODE_444_length_45690_cov_428.564632	22
NODE_400_length_51444_cov_451.160540	22
NODE_171_length_107937_cov_443.707810	22
NODE_54_length_214392_cov_428.650065	22
NODE_690_length_20942_cov_455.615790	22
NODE_106_length_152822_cov_461.483220	22
NODE_281_length_73040_cov_460.821922	22
NODE_126_length_134325_cov_406.506345	22
NODE_161_length_112402_cov_423.692996	22
NODE_248_length_81996_cov_287.457439	23
NODE_10_length_475512_cov_282.759989	23
NODE_7_length_542905_cov_289.320523	23
NODE_1_length_1491011_cov_268.917338	23
NODE_188_length_99638_cov_274.263268	23
NODE_51_length_232460_cov_285.278144	23
NODE_158_length_116827_cov_582.149659	42
NODE_37_length_267784_cov_560.420253	42
NODE_5_length_724469_cov_457.812015	42
NODE_604_length_29217_cov_614.936527	42
NODE_802_length_13049_cov_661.542096	42
NODE_33_length_280388_cov_520.808342	42
NODE_196_length_95615_cov_491.627982	42
NODE_28_length_304329_cov_619.909496	42
NODE_49_length_234919_cov_449.180130	42
NODE_62_length_199543_cov_421.653648	42
NODE_48_length_238566_cov_633.968760	42
NODE_159_length_115653_cov_606.512396	42
NODE_97_length_157562_cov_398.407849	42
NODE_254_length_79671_cov_67.526301	91
NODE_967_length_5198_cov_182.520124	91
NODE_1099_length_2951_cov_127.024517	91
NODE_296_length_70218_cov_65.370466	91
NODE_476_length_42955_cov_73.899627	91
NODE_603_length_29269_cov_65.472924	91
NODE_338_length_62232_cov_65.192611	91
NODE_383_length_53899_cov_64.032817	91
NODE_984_length_4895_cov_66.857231	91
NODE_636_length_25311_cov_65.278587	91
NODE_860_length_9858_cov_65.430889	91
NODE_744_length_17513_cov_63.151850	91
NODE_1066_length_3436_cov_65.052943	91
NODE_417_length_49683_cov_64.973221	91
NODE_382_length_54040_cov_65.071427	91
NODE_739_length_17591_cov_64.999259	91
NODE_749_length_17173_cov_66.112163	91
NODE_709_length_19529_cov_44.275752	91
NODE_1120_length_2654_cov_42.470181	91
NODE_737_length_17725_cov_65.309677	91
NODE_547_length_35233_cov_65.772272	91
NODE_394_length_52233_cov_66.364732	91
NODE_473_length_43144_cov_65.905660	91
NODE_425_length_48557_cov_65.417014	91
NODE_973_length_5030_cov_63.056884	91
NODE_562_length_33482_cov_65.192090	91
NODE_410_length_50572_cov_64.534295	91
NODE_590_length_30405_cov_66.714300	91
NODE_343_length_61512_cov_65.712417	91
NODE_458_length_44619_cov_65.635221	91
NODE_826_length_11602_cov_63.545077	91
NODE_692_length_20816_cov_68.900438	91
NODE_1020_length_4240_cov_281.865472	91
NODE_271_length_74510_cov_65.066067	91
NODE_393_length_52364_cov_65.221912	91
NODE_869_length_9557_cov_66.137129	91
NODE_210_length_91594_cov_66.251226	91
NODE_310_length_67373_cov_68.547149	91
NODE_635_length_25335_cov_64.344581	91
NODE_464_length_44399_cov_65.285360	91
NODE_187_length_99666_cov_65.508980	91
NODE_753_length_16573_cov_84.457380	91
NODE_632_length_26083_cov_64.294952	91
NODE_837_length_10818_cov_66.966459	91
NODE_599_length_29532_cov_67.448214	91
NODE_568_length_32582_cov_64.931780	91
NODE_404_length_51055_cov_65.835627	91
NODE_872_length_9302_cov_65.889802	91
NODE_736_length_17728_cov_66.101624	91
NODE_664_length_22917_cov_67.666083	91
NODE_611_length_28587_cov_65.971716	91
NODE_114_length_144715_cov_64.888670	91
NODE_570_length_32376_cov_63.977414	91
NODE_591_length_30308_cov_66.787195	91
NODE_621_length_27665_cov_69.413510	91
NODE_777_length_14671_cov_63.848385	91
NODE_905_length_7579_cov_62.821239	91
NODE_895_length_8206_cov_65.625935	91
NODE_168_length_109993_cov_64.174116	91
NODE_110_length_150144_cov_65.113879	91
NODE_507_length_38699_cov_63.441880	91
NODE_398_length_51553_cov_65.951629	91
NODE_775_length_14802_cov_65.279989	91
NODE_564_length_32973_cov_64.451364	91
NODE_329_length_64158_cov_65.201254	91
NODE_516_length_38111_cov_64.689747	91
NODE_406_length_50975_cov_65.012019	91
NODE_324_length_64956_cov_64.014068	91
NODE_262_length_77083_cov_64.395609	91
NODE_579_length_31680_cov_64.469787	91
NODE_292_length_71060_cov_65.035533	91
NODE_913_length_7188_cov_65.082714	91
NODE_317_length_66146_cov_65.683270	91
NODE_551_length_34800_cov_64.932566	91
NODE_814_length_12263_cov_64.674148	91
NODE_478_length_42769_cov_66.604322	91
NODE_369_length_58529_cov_65.731077	91
NODE_137_length_127810_cov_64.963978	91
NODE_491_length_40427_cov_65.571213	91
NODE_503_length_39471_cov_63.355718	91
NODE_678_length_21769_cov_65.182048	91
NODE_665_length_22916_cov_66.820786	91
NODE_833_length_10987_cov_63.473015	91
NODE_587_length_30598_cov_65.463249	91
NODE_475_length_43058_cov_65.636444	91
NODE_696_length_20631_cov_63.545879	91
NODE_573_length_32237_cov_65.470853	91
NODE_445_length_45683_cov_66.549728	91
NODE_352_length_60490_cov_65.769207	91
NODE_659_length_23291_cov_65.272379	91
NODE_834_length_10970_cov_66.091709	91
NODE_484_length_41111_cov_64.631211	91
NODE_670_length_22539_cov_65.751646	91
NODE_98_length_156658_cov_65.269561	91
NODE_528_length_36740_cov_65.338422	91
NODE_825_length_11664_cov_63.553019	91
NODE_735_length_17902_cov_64.401356	91
NODE_350_length_60835_cov_65.281639	91
NODE_422_length_48804_cov_66.031529	91
NODE_523_length_37198_cov_63.989742	91
NODE_109_length_150279_cov_65.323417	91
NODE_542_length_35734_cov_64.709941	91
NODE_380_length_54265_cov_65.253385	91
NODE_652_length_23693_cov_66.714020	91
NODE_799_length_13329_cov_65.978755	91
NODE_873_length_9276_cov_64.739616	91
NODE_1154_length_2346_cov_1588.722616	91
NODE_807_length_12776_cov_66.874774	91
NODE_429_length_48112_cov_64.414924	91
NODE_558_length_33924_cov_65.113909	91
NODE_531_length_36353_cov_65.247176	91
NODE_630_length_26272_cov_64.426250	91
NODE_954_length_5528_cov_64.594372	91
NODE_423_length_48782_cov_65.062019	91
NODE_419_length_49366_cov_65.438989	91
NODE_584_length_31032_cov_86.478193	91
NODE_623_length_27544_cov_65.783150	91
NODE_695_length_20807_cov_65.185621	91
NODE_494_length_40270_cov_64.786647	91
NODE_556_length_34279_cov_69.647908	91
NODE_416_length_49695_cov_66.323449	91
NODE_685_length_21305_cov_67.395294	91
NODE_492_length_40306_cov_65.193958	91
NODE_222_length_89642_cov_65.572014	91
NODE_646_length_24566_cov_65.112847	91
NODE_645_length_24664_cov_74.248121	91
NODE_679_length_21754_cov_65.221347	91
NODE_344_length_61493_cov_65.913506	91
NODE_519_length_37821_cov_73.146984	91
NODE_502_length_39581_cov_66.449021	91
NODE_413_length_49866_cov_65.721126	91
NODE_261_length_77112_cov_64.563258	91
NODE_391_length_52497_cov_64.729358	91
NODE_1009_length_4504_cov_68.720836	91
NODE_899_length_7925_cov_64.578145	91
NODE_428_length_48138_cov_66.111557	91
NODE_704_length_19986_cov_67.243089	91
NODE_243_length_84192_cov_87.200649	91
NODE_823_length_11818_cov_67.274845	91
NODE_772_length_15011_cov_65.064924	91
NODE_578_length_31778_cov_65.081802	91
NODE_893_length_8259_cov_66.254754	91
NODE_323_length_64961_cov_69.645872	91
NODE_140_length_125750_cov_64.880441	91
NODE_711_length_19437_cov_65.302704	91
NODE_914_length_7045_cov_66.400572	91
NODE_123_length_137672_cov_65.588270	91
NODE_750_length_17144_cov_64.368658	91
NODE_927_length_6415_cov_65.204717	91
NODE_241_length_85052_cov_65.032213	91
NODE_881_length_8965_cov_67.603816	91
NODE_798_length_13368_cov_87.001953	91
NODE_644_length_24739_cov_64.067453	91
NODE_316_length_66312_cov_64.520232	91
NODE_362_length_59557_cov_64.921129	91
NODE_300_length_68968_cov_65.379188	91
NODE_379_length_54655_cov_87.533095	91
NODE_607_length_29111_cov_65.091306	91
NODE_340_length_61727_cov_65.621449	91
NODE_554_length_34651_cov_67.121633	91
NODE_680_length_21731_cov_63.914883	91
NODE_549_length_34898_cov_64.257326	91
NODE_162_length_111293_cov_65.804500	91
NODE_863_length_9783_cov_67.383943	91
NODE_405_length_51019_cov_65.245624	91
NODE_267_length_75963_cov_88.172973	91
NODE_474_length_43067_cov_65.475937	91
NODE_195_length_95948_cov_65.526785	91
NODE_457_length_44662_cov_85.201829	91
NODE_722_length_18590_cov_66.316968	91
NODE_1169_length_2171_cov_22.209830	91
NODE_199_length_94869_cov_65.624085	91
NODE_757_length_16192_cov_64.813658	91
NODE_609_length_28909_cov_68.256013	91
NODE_849_length_10495_cov_65.254693	91
NODE_781_length_14352_cov_66.891865	91
NODE_537_length_35878_cov_66.603467	91
NODE_810_length_12363_cov_63.820604	91
NODE_334_length_62917_cov_65.582323	91
NODE_588_length_30571_cov_64.125475	91
NODE_673_length_22021_cov_65.555267	91
NODE_708_length_19572_cov_64.532818	91
NODE_710_length_19461_cov_78.041997	91
NODE_631_length_26269_cov_66.764439	91
NODE_238_length_85545_cov_65.421429	91
NODE_154_length_119064_cov_66.653203	91
NODE_854_length_10109_cov_61.950169	91
NODE_634_length_25489_cov_64.856727	91
NODE_489_length_40673_cov_66.220247	91
NODE_325_length_64679_cov_64.307533	91
NODE_407_length_50968_cov_64.472139	91
NODE_107_length_152587_cov_70.890744	91
NODE_911_length_7384_cov_60.577978	91
NODE_957_length_5411_cov_66.055639	91
NODE_174_length_104761_cov_65.494699	91
NODE_726_length_18377_cov_90.606375	91
NODE_409_length_50652_cov_64.636579	91
NODE_794_length_13609_cov_65.173085	91
NODE_418_length_49602_cov_67.244213	91
NODE_469_length_43787_cov_86.209618	91
NODE_756_length_16352_cov_64.308339	91
NODE_767_length_15593_cov_86.897863	91
NODE_674_length_21971_cov_66.361654	91
NODE_284_length_72818_cov_65.059467	91
NODE_392_length_52392_cov_65.752011	91
NODE_760_length_16154_cov_67.605379	91
NODE_574_length_32115_cov_65.230100	91
NODE_335_length_62886_cov_65.694705	91
NODE_206_length_92902_cov_64.703146	91
NODE_227_length_88936_cov_64.930829	91
NODE_184_length_100410_cov_65.670300	91
NODE_796_length_13377_cov_40.421784	91
NODE_876_length_9160_cov_45.405491	91
NODE_514_length_38276_cov_64.451950	91
NODE_169_length_109722_cov_65.575314	91
NODE_976_length_4994_cov_66.708645	91
NODE_401_length_51306_cov_65.856061	91
NODE_840_length_10793_cov_66.580928	91
NODE_540_length_35769_cov_808.754578	91
NODE_298_length_69825_cov_66.118389	91
NODE_327_length_64505_cov_65.417440	91
NODE_348_length_61150_cov_66.147115	91
NODE_897_length_7985_cov_66.216015	91
NODE_742_length_17518_cov_64.286549	91
NODE_618_length_28058_cov_66.427418	91
NODE_643_length_24861_cov_64.344997	91
NODE_581_length_31247_cov_64.012086	91
NODE_527_length_36832_cov_65.581369	91
NODE_669_length_22547_cov_85.764361	91
NODE_1087_length_3126_cov_64.224683	91
NODE_247_length_82309_cov_65.515464	91
NODE_216_length_90345_cov_65.123491	91
NODE_743_length_17513_cov_64.069252	91
NODE_544_length_35461_cov_64.447551	91
NODE_981_length_4948_cov_136.217454	91
NODE_520_length_37790_cov_63.959878	91
NODE_319_length_65950_cov_65.154048	91
NODE_552_length_34787_cov_64.882471	91
NODE_915_length_7043_cov_23.809960	91
NODE_207_length_92848_cov_65.684297	91
NODE_453_length_44819_cov_67.637253	91
NODE_330_length_63687_cov_105.829630	91
NODE_555_length_34541_cov_64.198341	91
NODE_656_length_23452_cov_67.222208	91
NODE_1038_length_3835_cov_113.047619	91
NODE_800_length_13289_cov_62.212785	91
NODE_910_length_7424_cov_110.951418	91
NODE_580_length_31505_cov_65.448172	91
NODE_1145_length_2441_cov_389.743085	91
NODE_1060_length_3574_cov_67.935493	91
NODE_931_length_6303_cov_63.768086	91
NODE_986_length_4849_cov_22.404673	91
NODE_481_length_41737_cov_87.780889	91
NODE_597_length_29906_cov_65.021507	91
NODE_660_length_23253_cov_62.269937	91
NODE_314_length_66567_cov_88.549780	91
NODE_1102_length_2928_cov_44.206753	91
NODE_885_length_8787_cov_64.948351	91
NODE_592_length_30303_cov_71.039540	91
NODE_518_length_38038_cov_64.591870	91
NODE_399_length_51453_cov_86.082279	91
NODE_682_length_21459_cov_66.310830	91
NODE_939_length_5903_cov_74.326265	91
NODE_676_length_21830_cov_66.312193	91
NODE_733_length_17938_cov_65.804172	91
NODE_754_length_16498_cov_65.315028	91
NODE_437_length_46398_cov_64.124334	91
NODE_596_length_29906_cov_65.539680	91
NODE_479_length_42150_cov_65.575769	91
NODE_706_length_19694_cov_65.967717	91
NODE_472_length_43162_cov_65.528684	91
NODE_684_length_21352_cov_64.325398	91
NODE_765_length_15734_cov_87.428854	91
NODE_1024_length_4152_cov_113.573102	91
NODE_791_length_13809_cov_66.182274	91
NODE_844_length_10718_cov_65.756729	91
NODE_543_length_35618_cov_64.106122	91
NODE_308_length_67472_cov_66.582005	91
NODE_717_length_18718_cov_64.968815	91
NODE_661_length_23242_cov_387.094967	93
NODE_4_length_768467_cov_444.569284	93
NODE_42_length_252251_cov_367.716942	93
NODE_24_length_315046_cov_422.110225	93
NODE_124_length_137190_cov_402.089117	93
NODE_375_length_55309_cov_541.759746	93
NODE_515_length_38211_cov_431.890502	93
NODE_39_length_263192_cov_433.476489	93
NODE_598_length_29708_cov_454.368057	93
NODE_23_length_325230_cov_462.589221	93
NODE_6_length_551295_cov_413.790431	93
NODE_764_length_15764_cov_559.518111	93
NODE_36_length_269391_cov_382.468144	93
NODE_510_length_38370_cov_437.949080	93
NODE_99_length_156423_cov_340.145983	93
NODE_41_length_257031_cov_453.252199	93
NODE_29_length_294377_cov_382.528686	93
NODE_145_length_122526_cov_476.357905	93
NODE_15_length_426293_cov_73.388375	9
NODE_342_length_61689_cov_75.658890	9
NODE_88_length_173728_cov_75.676680	9
NODE_667_length_22613_cov_76.177542	9
NODE_1122_length_2646_cov_140.144346	9
NODE_73_length_187520_cov_75.521879	9
NODE_303_length_68386_cov_80.434664	9
NODE_86_length_176155_cov_76.176496	9
NODE_21_length_332108_cov_77.728808	9
NODE_421_length_48969_cov_77.405181	9
NODE_112_length_145959_cov_74.118338	9
NODE_373_length_57421_cov_78.701321	9
NODE_2_length_955209_cov_75.872191	9
NODE_173_length_106796_cov_71.510750	9
NODE_228_length_87983_cov_75.086946	9
NODE_64_length_196786_cov_76.632742	9
NODE_26_length_309856_cov_76.122075	9
NODE_224_length_89546_cov_76.898671	9
NODE_946_length_5774_cov_157.009967	9
NODE_151_length_119845_cov_76.462551	9
NODE_13_length_452604_cov_72.842598	9
NODE_486_length_40970_cov_86.406819	9
NODE_46_length_243884_cov_80.292730	9
NODE_263_length_76899_cov_78.307910	9
NODE_627_length_26794_cov_74.908785	9
NODE_55_length_210764_cov_76.536247	9
NODE_3_length_847644_cov_74.274189	9
NODE_40_length_262072_cov_73.743555	9
NODE_1090_length_3064_cov_157.481223	9
NODE_9_length_521711_cov_75.515271	9
NODE_1165_length_2207_cov_138.401022	9
NODE_12_length_465360_cov_76.700461	9
